"id","politician_id","riding_id","party_id","end_date","start_date"
4015,2693,70159,5,"2000-09-11","2000-04-02"
4016,2693,70159,4,"2001-01-28","2000-09-12"
4017,4136,59023,4,"2005-05-23","2002-01-28"
4018,4983,70116,5,"2004-05-23","2002-08-20"
4019,5258,70139,5,"2003-03-14","2003-01-16"
4020,3649,70120,4,"2004-05-23","2003-12-11"
4021,4405,70073,5,"2004-02-24","2004-02-17"
4022,4405,70073,1,"2004-05-23","2004-02-25"
4023,186,59008,5,"2004-05-23","2004-01-14"
4024,3425,35049,5,"2005-11-29","2004-11-19"
4025,2993,70004,5,"2005-11-29","2005-04-13"
4026,3410,35042,5,"2005-11-29","2005-06-06"
4027,3175,46003,5,"2005-11-29","2005-10-18"
4028,462,59036,9,"2008-09-07","2008-08-30"
4029,58,12007,1,"2007-06-05","2006-04-03"
2676,2693,70159,26,"2000-04-01","1997-09-22"
1774,2693,24016,4,"2004-05-23","2001-01-29"
4452,10335,62001,5,"","2016-06-01"
2710,252,24053,3,"2006-11-27","1997-09-22"
2552,2293,70074,4,"2004-05-23","1997-09-22"
1346,2293,35004,4,"2005-11-29","2004-10-04"
1458,3613,24006,3,"2005-11-29","2004-10-04"
3166,4478,35014,4,"2004-05-23","1994-01-17"
3319,5235,70251,4,"1997-04-27","1994-01-17"
2722,5235,24067,4,"2004-05-23","1997-09-22"
3331,6510,70257,28,"1997-04-27","1994-01-17"
2734,6510,47002,28,"2000-10-22","1997-09-22"
3172,4501,35022,4,"2004-05-23","1994-01-17"
4279,9087,70328,1,"2016-03-23","2015-10-19"
2712,842,24055,26,"2004-05-23","1997-09-22"
3280,7859,70123,3,"1997-04-27","1994-01-17"
3302,7971,70245,4,"1997-04-27","1994-01-17"
1592,3121,70054,25,"2004-05-23","2001-01-29"
3214,2502,35069,4,"2005-11-29","1994-01-17"
1627,2219,13010,4,"2005-11-29","2001-01-29"
2522,3217,70061,2,"2000-10-22","1997-09-22"
3103,5621,59030,4,"1997-04-27","1994-01-17"
3060,1951,70172,4,"1997-04-27","1994-01-17"
2460,1951,70041,4,"2004-05-23","1997-09-22"
1245,1951,48012,4,"2005-11-29","2004-10-04"
3291,5100,70161,3,"2000-10-22","1994-01-17"
1792,5100,70130,3,"2004-05-23","2001-01-29"
3245,4882,35103,4,"2004-05-23","1994-01-17"
3343,8188,60001,2,"1997-04-27","1994-01-17"
3230,7629,35077,4,"1997-04-27","1994-01-17"
3235,4830,70229,4,"1997-04-27","1994-01-17"
2638,4830,70102,4,"2004-05-23","1997-09-22"
3324,252,70252,3,"1997-04-27","1994-01-17"
3312,8021,70164,3,"1997-04-27","1994-01-17"
1490,2780,24038,3,"2005-11-29","2004-10-04"
3254,7761,70156,3,"1997-04-27","1994-01-17"
3295,7930,24039,3,"1997-04-27","1994-01-17"
3339,6548,47012,4,"1997-04-27","1994-01-17"
3200,7431,70221,4,"1997-04-27","1994-01-17"
3180,3383,35033,4,"2005-11-29","1994-01-17"
1392,3425,35049,4,"2004-11-18","2004-10-04"
2509,3175,46003,2,"2005-10-17","1997-09-22"
2532,190,70063,26,"2000-10-22","1997-09-22"
1629,190,70063,4,"2004-05-23","2001-01-29"
1327,190,10005,4,"2008-09-07","2004-10-04"
3135,7089,10004,4,"1997-04-27","1994-01-17"
3078,5526,70176,28,"1997-04-27","1994-01-17"
2483,5526,59014,28,"2000-10-22","1997-09-22"
3231,3532,70152,4,"2000-10-22","1994-01-17"
1731,3532,70100,4,"2004-05-23","2001-01-29"
3177,2367,35028,4,"1997-04-27","1994-01-17"
2577,2367,70081,4,"2004-05-23","1997-09-22"
3203,4655,70093,4,"2004-05-23","1994-01-17"
3185,4566,70086,4,"2004-05-23","1994-01-17"
3087,6811,59015,28,"1997-04-27","1994-01-17"
3136,5781,10006,4,"1997-04-27","1994-01-17"
3134,4324,10003,4,"1997-04-27","1994-01-17"
1628,4324,70062,4,"2004-05-23","2001-01-29"
2622,3500,35079,4,"2004-05-23","1997-09-22"
1790,3600,70128,4,"2004-05-23","2001-01-29"
3199,3425,70091,4,"1997-04-27","1994-01-17"
2596,3425,70089,4,"2004-05-23","1997-09-22"
3162,4458,35015,4,"2004-05-23","1994-01-17"
2537,5784,70065,26,"2000-10-22","1997-09-22"
3068,3017,48022,28,"2000-10-22","1994-01-17"
1564,3017,48022,25,"2004-05-23","2001-01-29"
1256,3017,48022,1,"2005-11-29","2004-10-04"
3336,2944,70261,2,"1997-04-27","1994-01-17"
2742,2944,47010,2,"2000-10-22","1997-09-22"
3639,3709,70130,4,"2004-05-23","2002-09-30"
1459,2664,70024,3,"2005-11-29","2004-10-04"
3204,6054,70094,4,"2000-10-22","1994-01-17"
2497,3132,59028,28,"2000-10-22","1997-09-22"
1595,3132,59028,25,"2004-05-23","2001-01-29"
1290,3132,59028,5,"2005-11-29","2004-10-04"
1805,3771,70031,4,"2004-05-23","2001-01-29"
2662,3608,24005,4,"2005-11-29","1997-09-22"
2528,3229,70146,4,"2000-10-22","1997-09-22"
1624,3229,13007,4,"2005-11-29","2001-01-29"
3074,5472,48028,28,"2000-10-22","1994-01-17"
3283,5063,70242,4,"1997-04-27","1994-01-17"
2677,2698,24017,26,"2000-09-11","1997-09-22"
1775,2698,24017,4,"2004-05-23","2000-09-12"
2724,2888,24069,26,"2000-09-11","1997-09-22"
1821,2888,24069,4,"2004-05-23","2000-09-12"
2687,5063,24027,4,"2004-05-23","1997-09-22"
1247,2993,70004,4,"2005-04-12","2004-10-04"
3154,20,70205,4,"1997-04-27","1994-01-17"
2556,20,70077,4,"2004-05-23","1997-09-22"
1349,20,35008,4,"2008-09-07","2004-10-04"
3072,3028,48026,28,"2000-10-22","1994-01-17"
1567,3028,48026,25,"2004-05-23","2001-01-29"
1260,3028,48026,1,"2005-11-29","2004-10-04"
2663,4949,24006,3,"2000-10-22","1997-09-22"
3086,6802,70182,28,"1997-04-27","1994-01-17"
3092,3097,59018,28,"2000-10-22","1994-01-17"
1586,3097,59018,25,"2004-05-23","2001-01-29"
1280,3097,70008,1,"2005-11-29","2004-10-04"
3049,3899,70001,28,"2000-10-22","1994-01-17"
1544,3899,70001,25,"2004-05-23","2001-01-29"
1259,3899,48025,1,"2005-11-29","2004-10-04"
3142,5795,70200,4,"1997-04-27","1994-01-17"
3112,4252,46008,4,"2000-10-22","1994-01-17"
2600,1677,35052,4,"2004-05-23","1997-09-22"
1502,2829,24050,4,"2005-11-29","2004-10-04"
3116,5704,70058,4,"1997-04-27","1994-01-17"
3106,3160,59035,4,"2005-11-29","1994-01-17"
3061,2993,70039,4,"2004-05-23","1994-01-17"
3163,4464,35016,4,"2004-05-23","1994-01-17"
3314,8034,70249,4,"1997-04-27","1994-01-17"
3050,3949,70170,28,"1997-04-27","1994-01-17"
2457,3949,70038,28,"2000-10-22","1997-09-22"
1554,3949,70038,25,"2004-05-23","2001-01-29"
3688,1757,24010,4,"2005-11-29","1994-01-17"
1467,3648,24015,3,"2005-11-29","2004-10-04"
3674,3882,47010,2,"2000-10-22","1999-10-12"
3156,3553,70148,4,"2000-10-22","1994-01-17"
1739,3553,35094,4,"2004-05-23","2001-01-29"
3149,4390,70071,4,"1997-04-27","1994-01-17"
2738,6526,47006,28,"2000-10-22","1997-09-22"
3145,3281,70067,4,"1997-04-27","1994-01-17"
2737,3870,47005,2,"2004-05-23","1997-09-22"
1281,22,59019,4,"2008-09-07","2004-10-04"
3175,3358,35025,4,"2005-11-29","1994-01-17"
3223,7582,70098,4,"1997-04-27","1994-01-17"
3121,7038,13001,4,"1997-04-27","1994-01-17"
3227,7612,70228,28,"1997-04-27","1994-01-17"
1404,3454,35062,2,"2005-11-29","2004-10-04"
3313,1738,70248,4,"1997-04-27","1994-01-17"
3267,4983,70116,3,"2002-08-19","1994-01-17"
2659,1738,24002,4,"2005-11-29","1997-09-22"
3108,4237,46003,4,"1997-04-27","1994-01-17"
2635,4818,35089,4,"2004-05-23","1997-09-22"
3130,4317,13009,26,"2004-05-23","1994-01-17"
3329,6543,70255,28,"1997-04-27","1994-01-17"
4036,8692,24074,2,"2014-08-20","2011-05-02"
2448,5358,48006,28,"2000-10-22","1997-09-22"
3139,2241,61001,4,"2005-11-29","1994-01-17"
3160,4697,70150,4,"2000-10-22","1994-01-17"
1709,4697,35063,4,"2004-05-23","2001-01-29"
489,438,10001,1,"2008-09-07","2006-04-03"
3122,7041,13002,4,"1997-04-27","1994-01-17"
4453,10582,70328,1,"","2016-10-24"
3298,159,70132,3,"2004-05-23","1994-01-17"
3141,5818,70199,4,"1997-04-27","1994-01-17"
3261,4958,70234,3,"1997-04-27","1994-01-17"
1472,1772,24020,4,"2005-11-29","2004-10-04"
3131,5767,70062,4,"2000-10-22","1994-01-17"
3168,3344,70208,4,"1997-04-27","1994-01-17"
2569,3344,35020,4,"2004-05-23","1997-09-22"
1372,2373,35030,4,"2005-11-29","2004-10-04"
3201,4646,35054,4,"2004-05-23","1994-01-17"
3309,5011,70247,3,"1997-04-27","1994-01-17"
3266,7803,24010,3,"1997-04-27","1994-01-17"
3252,6264,70109,4,"2000-10-22","1994-01-17"
3133,4332,70064,4,"2004-05-23","1994-01-17"
3128,7064,70146,4,"1997-04-27","1994-01-17"
1765,3656,70115,4,"2004-05-23","2001-01-29"
3338,6539,47009,4,"1997-04-27","1994-01-17"
2698,5117,24039,3,"2004-05-23","1997-09-22"
3240,6037,70232,4,"1997-04-27","1994-01-17"
2601,6037,70092,4,"2000-10-22","1997-09-22"
3640,697,70139,4,"2004-05-23","2002-09-30"
3272,6329,70159,3,"1997-04-27","1994-01-17"
2665,4957,70113,4,"2004-05-23","1997-09-22"
2530,4321,13010,26,"2000-10-22","1997-09-22"
3258,7776,24005,5,"1997-04-27","1994-01-17"
3107,5673,46001,4,"1997-04-27","1994-01-17"
2544,3288,12005,2,"2000-10-22","1997-09-22"
3332,6527,70258,4,"1997-04-27","1994-01-17"
2476,4033,70005,28,"2000-10-22","1997-09-22"
1573,4033,70005,25,"2004-05-23","2001-01-29"
3066,3985,48020,28,"2000-10-22","1994-01-17"
1562,3985,48020,25,"2004-05-23","2001-01-29"
2523,285,70145,26,"2000-10-22","1997-09-22"
1625,285,13008,26,"2004-05-23","2001-01-29"
1321,285,70014,1,"2005-11-29","2004-10-04"
2496,3094,70056,28,"2000-10-22","1997-09-22"
1594,3094,70056,25,"2004-05-23","2001-01-29"
1279,3094,59016,1,"2005-11-29","2004-10-04"
1503,2831,70031,3,"2005-11-29","2004-10-04"
2658,3750,70156,4,"2000-10-22","1997-09-22"
1755,3750,70110,4,"2004-05-23","2001-01-29"
3129,7070,70196,4,"1997-04-27","1994-01-17"
1777,3736,70121,4,"2004-05-23","2001-01-29"
3270,12,70119,3,"2004-05-23","1994-01-17"
3123,5740,70193,4,"1997-04-27","1994-01-17"
3150,5831,70202,4,"1997-04-27","1994-01-17"
2620,4748,35074,4,"2000-10-22","1997-09-22"
3243,4873,35102,4,"2004-05-23","1994-01-17"
3076,6729,70175,28,"1997-04-27","1994-01-17"
3105,4206,59034,4,"1997-04-27","1994-01-17"
2503,4206,70057,4,"2004-05-23","1997-09-22"
2514,4259,46010,28,"2000-10-22","1997-09-22"
1611,4259,46010,25,"2004-05-23","2001-01-29"
3063,6655,48018,28,"1997-04-27","1994-01-17"
2697,5112,24037,3,"2000-10-22","1997-09-22"
1795,5111,24037,4,"2004-05-23","2001-01-29"
3190,4589,70087,4,"2000-10-22","1994-01-17"
3062,5412,70040,28,"2000-10-22","1994-01-17"
3207,4671,35061,4,"2004-05-23","1994-01-17"
3057,3943,48010,28,"2000-10-22","1994-01-17"
3098,6885,59024,28,"1997-04-27","1994-01-17"
3138,7101,70197,4,"1997-04-27","1994-01-17"
2670,2677,24011,4,"2005-11-29","1997-09-22"
3196,6014,70220,4,"1997-04-27","1994-01-17"
3054,6598,48007,28,"1997-04-27","1994-01-17"
3155,4434,35009,4,"2004-05-23","1994-01-17"
1590,4136,59023,25,"2002-01-27","2001-01-29"
1499,160,24047,4,"2007-09-17","2004-10-04"
3159,2313,35011,4,"2004-05-23","1994-01-17"
3293,921,70162,3,"1997-04-27","1994-01-17"
3320,5241,70138,4,"2004-05-23","1994-01-17"
3174,3355,35023,4,"2005-11-29","1994-01-17"
3322,6475,24070,26,"2000-10-22","1994-01-17"
2526,5751,13005,26,"2000-10-22","1997-09-22"
3137,7097,70065,4,"1997-04-27","1994-01-17"
1807,5177,70135,4,"2004-05-23","2001-01-29"
3321,6472,24069,3,"1997-04-27","1994-01-17"
3274,5019,70237,3,"1997-04-27","1994-01-17"
2679,5019,70121,3,"2000-10-22","1997-09-22"
3269,7817,70025,3,"1997-04-27","1994-01-17"
3307,5178,70246,3,"1997-04-27","1994-01-17"
2709,5178,70135,3,"2000-10-22","1997-09-22"
3211,7507,35065,4,"1997-04-27","1994-01-17"
1797,250,70029,3,"2005-11-29","2001-01-29"
1581,175,59014,25,"2004-05-23","2001-01-29"
1622,4303,13005,4,"2004-05-23","2001-01-29"
1530,2923,70036,1,"2005-11-29","2004-10-04"
3170,3325,70210,4,"1997-04-27","1994-01-17"
2585,3325,70151,4,"2000-10-22","1997-09-22"
1659,3325,35013,4,"2005-11-29","2001-01-29"
3213,7521,35068,4,"1997-04-27","1994-01-17"
2595,4614,70088,26,"2000-10-22","1997-09-22"
2741,2913,47009,28,"2000-10-22","1997-09-22"
1838,2913,47009,25,"2004-05-23","2001-01-29"
3051,3930,48006,28,"1997-04-27","1994-01-17"
3191,7373,35041,4,"1997-04-27","1994-01-17"
3085,3127,70181,28,"1997-04-27","1994-01-17"
2505,3127,70143,28,"2000-10-22","1997-09-22"
1578,3127,70049,25,"2004-05-23","2001-01-29"
1289,3127,70009,1,"2005-11-29","2004-10-04"
3093,5546,70186,28,"1997-04-27","1994-01-17"
2487,5546,59020,28,"2000-10-22","1997-09-22"
2684,3681,70123,3,"2004-05-23","1997-09-22"
2591,3402,35041,4,"2004-05-23","1997-09-22"
3234,70,70153,4,"2000-10-22","1994-01-17"
1735,70,35091,4,"2007-10-15","2001-01-29"
690,70,35091,1,"2008-09-07","2007-10-16"
3694,3905,12006,26,"2000-10-22","1999-10-12"
1545,3905,48006,26,"2004-05-23","2001-01-29"
2525,3221,13004,26,"2004-05-23","1997-09-22"
3140,5813,70198,4,"1997-04-27","1994-01-17"
3247,4892,35105,4,"1997-04-27","1994-01-17"
2652,4892,35105,5,"2000-10-22","1997-09-22"
3238,3371,70154,4,"2000-10-22","1994-01-17"
1649,4405,70073,4,"2004-02-16","2001-01-29"
1675,3371,70082,4,"2004-05-23","2001-01-29"
3333,5321,70259,2,"1997-04-27","1994-01-17"
2740,5321,47007,2,"2000-10-22","1997-09-22"
3165,118,35017,4,"2008-09-07","1994-01-17"
2506,3164,70010,28,"2000-10-22","1997-09-22"
1603,3164,70010,25,"2004-05-23","2001-01-29"
1298,3164,70010,1,"2005-11-29","2004-10-04"
3188,7354,70215,4,"1997-04-27","1994-01-17"
3215,6106,70225,4,"1997-04-27","1994-01-17"
2616,6106,70096,4,"2004-05-23","1997-09-22"
3209,4682,35064,4,"2004-05-23","1994-01-17"
3059,6633,70038,4,"1997-04-27","1994-01-17"
3212,4713,35067,4,"2004-05-23","1994-01-17"
3182,4405,70213,4,"1997-04-27","1994-01-17"
2645,4405,70155,4,"2000-10-22","1997-09-22"
3120,4233,70192,4,"1997-04-27","1994-01-17"
2508,4233,70144,4,"2000-10-22","1997-09-22"
1605,4233,46002,4,"2004-05-23","2001-01-29"
1572,4028,70046,25,"2004-05-23","2001-01-29"
3111,5700,70189,4,"1997-04-27","1994-01-17"
1361,298,35019,4,"2005-11-29","2004-10-04"
1412,257,35070,1,"2005-11-29","2004-10-04"
3167,298,35019,4,"2000-10-22","1994-01-17"
2646,2599,70106,4,"2004-05-23","1997-09-22"
1441,2599,35099,4,"2005-11-29","2004-10-04"
3058,5399,48013,4,"1997-04-27","1994-01-17"
3178,4528,70212,4,"1997-04-27","1994-01-17"
2578,4528,35030,4,"2004-05-23","1997-09-22"
3249,4887,35104,4,"1997-04-27","1994-01-17"
2651,4887,70108,4,"2004-05-23","1997-09-22"
1836,3874,47007,25,"2004-05-23","2001-01-29"
3183,4554,70085,4,"2004-05-23","1994-01-17"
3259,7780,24006,3,"1997-04-27","1994-01-17"
3682,4339,10004,4,"2005-11-29","1996-02-27"
3340,6518,70263,28,"1997-04-27","1994-01-17"
2736,6518,47004,28,"2000-10-22","1997-09-22"
3341,6507,70264,2,"1997-04-27","1994-01-17"
3218,7553,35074,4,"1997-04-27","1994-01-17"
3655,2728,70140,4,"2004-05-23","2001-01-29"
1476,2728,24024,4,"2005-11-29","2004-10-04"
3118,5724,46014,4,"2000-10-22","1994-01-17"
2739,2934,70168,2,"2000-10-22","1997-09-22"
1837,2934,47008,2,"2004-05-23","2001-01-29"
3679,4118,70142,4,"2000-10-22","1997-09-22"
2747,5349,60001,2,"2000-10-22","1997-09-22"
440,429,24037,1,"2008-09-07","2006-04-03"
3284,7874,70160,3,"1997-04-27","1994-01-17"
3217,4743,35073,4,"2004-05-23","1994-01-17"
2644,2399,70105,4,"2004-05-23","1997-09-22"
1380,2399,35038,4,"2005-11-29","2004-10-04"
3208,4675,35062,4,"2004-05-23","1994-01-17"
3288,5083,70127,3,"2004-05-23","1994-01-17"
1517,156,24065,3,"2008-09-07","2004-10-04"
1494,2789,24042,3,"2005-11-29","2004-10-04"
1407,1262,35063,4,"2005-11-29","2004-10-04"
482,436,24011,3,"2008-09-07","2006-04-03"
1770,3831,70117,3,"2004-05-23","2001-01-29"
1520,3831,24068,3,"2005-11-29","2004-10-04"
3278,6347,24023,4,"2000-10-22","1994-01-17"
3100,6897,59028,28,"1997-04-27","1994-01-17"
1758,158,24004,3,"2004-05-23","2001-01-29"
1456,158,70023,3,"2005-11-29","2004-10-04"
2550,4395,12011,26,"2000-10-22","1997-09-22"
3276,5024,70239,4,"1997-04-27","1994-01-17"
2680,5024,24020,4,"2004-05-23","1997-09-22"
3109,5685,70012,4,"1997-04-27","1994-01-17"
3210,3465,70224,4,"1997-04-27","1994-01-17"
2611,3465,35066,4,"2005-11-29","1997-09-22"
3301,5142,24047,4,"2004-05-23","1994-01-17"
3147,5806,12004,4,"1997-04-27","1994-01-17"
3289,6385,70128,3,"2000-10-22","1994-01-17"
3297,6333,70243,3,"1997-04-27","1994-01-17"
3257,6281,70157,3,"2000-10-22","1994-01-17"
3271,6324,70120,3,"2000-10-22","1994-01-17"
3246,27,70108,4,"1997-04-27","1994-01-17"
2642,27,70104,4,"2004-05-23","1997-09-22"
1333,832,12003,4,"2005-11-29","2004-10-04"
2594,3410,35042,4,"2005-06-05","1997-09-22"
381,73,24058,3,"2009-11-09","2006-04-03"
3260,130,70158,3,"2000-10-22","1994-01-17"
423,116,24060,3,"2007-09-17","2006-04-03"
1762,130,70112,3,"2004-05-23","2001-01-29"
1466,130,70026,3,"2005-11-29","2004-10-04"
3311,116,70035,3,"2005-11-29","1994-01-17"
3262,4961,70114,3,"2004-05-23","1994-01-17"
3290,7902,70129,4,"1997-04-27","1994-01-17"
3255,7765,24002,3,"1997-04-27","1994-01-17"
2540,4356,70147,2,"2000-10-22","1997-09-22"
3099,2100,70054,28,"2000-10-22","1994-01-17"
3337,5327,70262,4,"1997-04-27","1994-01-17"
3241,3337,70233,4,"1997-04-27","1994-01-17"
2566,3337,70078,4,"2004-05-23","1997-09-22"
2538,149,62001,4,"2008-09-07","1997-09-22"
3083,4051,70141,2,"2000-10-22","1994-01-17"
3292,5228,70028,3,"1997-04-27","1994-01-17"
3326,3845,70253,4,"1997-04-27","1994-01-17"
2729,3845,24073,4,"2004-05-23","1997-09-22"
1328,91,70016,1,"2005-11-29","2004-10-04"
401,91,10006,1,"2008-09-07","2006-04-03"
2536,4342,10006,26,"2004-05-23","1997-09-22"
2696,2773,70162,3,"2000-10-22","1997-09-22"
1794,2773,70131,3,"2004-05-23","2001-01-29"
1488,2773,24036,3,"2005-11-29","2004-10-04"
3265,6303,24009,3,"1997-04-27","1994-01-17"
3157,3363,70149,4,"2000-10-22","1994-01-17"
1656,3363,35026,4,"2004-05-23","2001-01-29"
3158,1010,35010,4,"2005-11-29","1994-01-17"
3195,3410,70219,4,"1997-04-27","1994-01-17"
3264,6300,70236,4,"1997-04-27","1994-01-17"
2629,3523,35085,4,"2004-05-23","1997-09-22"
3088,2064,70183,28,"1997-04-27","1994-01-17"
2485,2064,70051,28,"2000-10-22","1997-09-22"
1583,2064,70051,25,"2004-05-23","2001-01-29"
1278,2064,59017,1,"2005-11-29","2004-10-04"
1702,838,70094,4,"2004-05-23","2001-01-29"
1400,838,35058,4,"2005-11-29","2004-10-04"
3281,73,70240,3,"1997-04-27","1994-01-17"
2685,73,70124,3,"2004-05-23","1997-09-22"
1510,73,70034,3,"2005-11-29","2004-10-04"
3323,5258,70139,3,"2003-01-15","1994-01-17"
431,463,24053,3,"2008-09-07","2006-11-28"
3228,3518,35086,4,"2005-11-29","1994-01-17"
3263,6481,70235,3,"1997-04-27","1994-01-17"
2727,6481,24071,3,"2000-10-22","1997-09-22"
2549,2256,12010,2,"2000-10-22","1997-09-22"
2547,276,12008,2,"2000-10-22","1997-09-22"
1643,276,70070,2,"2004-05-23","2001-01-29"
3236,7665,70230,4,"1997-04-27","1994-01-17"
3216,3482,35071,4,"2005-11-29","1994-01-17"
3077,4022,70045,28,"2000-10-22","1994-01-17"
1571,4022,70045,25,"2004-05-23","2001-01-29"
3294,7924,24037,3,"1997-04-27","1994-01-17"
3685,2820,70245,4,"1997-04-27","1996-02-27"
2704,2820,70133,4,"2004-05-23","1997-09-22"
1500,2820,24048,4,"2005-11-29","2004-10-04"
3305,6437,70031,3,"2000-10-22","1994-01-17"
3126,5764,70195,4,"1997-04-27","1994-01-17"
3315,5214,70250,3,"1997-04-27","1994-01-17"
2716,5214,24062,3,"2004-05-23","1997-09-22"
3055,3925,48008,28,"2000-10-22","1994-01-17"
1549,3925,48008,25,"2004-05-23","2001-01-29"
3651,3242,70062,4,"2004-05-23","2001-01-29"
1323,3242,10001,4,"2005-11-29","2004-10-04"
3082,3033,70179,28,"1997-04-27","1994-01-17"
2482,3033,70050,28,"2000-10-22","1997-09-22"
1580,3033,70050,25,"2004-05-23","2001-01-29"
1263,3033,59001,1,"2005-11-29","2004-10-04"
3065,6668,48019,28,"1997-04-27","1994-01-17"
3097,62,59023,4,"2000-10-22","1994-01-17"
1285,62,59023,4,"2008-09-07","2004-10-04"
1700,35,35056,4,"2008-09-07","2001-01-29"
3328,5282,70254,4,"1997-04-27","1994-01-17"
2731,5282,70167,4,"2000-10-22","1997-09-22"
1828,5282,70140,4,"2002-09-16","2001-01-29"
2484,1503,59015,28,"2000-10-22","1997-09-22"
1582,1503,59015,25,"2004-05-23","2001-01-29"
3117,2182,46013,4,"2005-11-29","1994-01-17"
3279,6354,24025,3,"2000-10-22","1994-01-17"
3296,6403,70029,3,"2000-10-22","1994-01-17"
3652,3246,70064,26,"2004-05-23","2001-01-29"
3186,7344,70214,4,"1997-04-27","1994-01-17"
3115,3204,46012,4,"1997-04-27","1994-01-17"
2735,3866,70036,2,"2000-09-26","1997-09-22"
1351,272,35009,4,"2005-11-29","2004-10-04"
1832,3866,70036,4,"2004-05-23","2000-09-27"
2517,3204,70059,4,"2004-05-23","1997-09-22"
1773,3649,70120,3,"2003-12-10","2001-01-29"
3282,3715,70241,3,"1997-04-27","1994-01-17"
1473,198,24021,3,"2009-11-09","2004-10-04"
2673,2684,70025,3,"2000-10-22","1997-09-22"
4046,8521,24022,2,"2015-10-19","2011-05-02"
1771,2684,70118,3,"2004-05-23","2001-01-29"
3675,3574,70107,4,"2000-10-22","1997-09-22"
2507,4228,46001,26,"2004-05-23","1997-09-22"
1646,283,12011,4,"2008-09-07","2001-01-29"
3304,5161,70134,4,"2004-05-23","1994-01-17"
1489,2775,24037,3,"2005-11-29","2004-10-04"
3220,2522,35078,4,"2005-11-29","1994-01-17"
3132,5771,70063,4,"1997-04-27","1994-01-17"
3256,563,70111,3,"1997-04-27","1994-01-17"
3645,115,70114,3,"2004-05-23","2002-09-30"
1377,294,35035,4,"2008-09-07","2004-10-04"
3221,7571,35079,4,"1997-04-27","1994-01-17"
3113,6989,70190,4,"1997-04-27","1994-01-17"
3146,7135,70068,4,"1997-04-27","1994-01-17"
3114,4255,70191,4,"1997-04-27","1994-01-17"
2513,4255,46009,4,"2002-09-16","1997-09-22"
3189,3415,70216,4,"1997-04-27","1994-01-17"
2589,3415,35046,4,"2004-05-23","1997-09-22"
1388,3415,70022,4,"2005-11-29","2004-10-04"
3144,7127,12002,4,"1997-04-27","1994-01-17"
3173,7278,35024,4,"1997-04-27","1994-01-17"
2743,5338,47012,28,"2000-10-22","1997-09-22"
1841,5338,47012,25,"2004-05-23","2001-01-29"
1345,2290,35003,4,"2005-11-29","2004-10-04"
3143,7122,70201,4,"1997-04-27","1994-01-17"
1486,2763,24034,3,"2005-11-29","2004-10-04"
3277,198,70122,3,"2004-05-23","1994-01-17"
3161,4835,70206,4,"1997-04-27","1994-01-17"
2639,4835,35092,4,"2004-05-23","1997-09-22"
3268,6313,70117,3,"2000-10-22","1994-01-17"
3164,4425,70207,4,"1997-04-27","1994-01-17"
2555,4425,70076,4,"2004-05-23","1997-09-22"
2614,4718,35068,4,"2005-11-29","1997-09-22"
1761,3614,24006,4,"2004-05-23","2001-01-29"
3248,6256,35106,4,"2000-10-22","1994-01-17"
3094,5558,70142,28,"2000-10-22","1994-01-17"
3244,6237,70107,4,"2000-10-22","1994-01-17"
3299,6410,24044,4,"2000-10-22","1994-01-17"
3179,4533,70083,4,"2004-05-23","1994-01-17"
3318,8060,24066,4,"1997-04-27","1994-01-17"
3334,8137,47008,2,"1997-04-27","1994-01-17"
2501,4195,59032,4,"2004-05-23","1997-09-22"
3181,3377,70084,4,"2004-05-23","1994-01-17"
3233,4823,70101,4,"2004-05-23","1994-01-17"
2599,4630,70091,4,"2004-05-23","1997-09-22"
3684,5057,70160,3,"2000-10-22","1996-02-27"
1784,5057,70125,3,"2004-05-23","2001-01-29"
3327,3849,70166,3,"2000-10-22","1994-01-17"
1827,3849,24074,3,"2005-11-29","2001-01-29"
3194,18,35044,4,"2008-09-07","1994-01-17"
3171,1435,70211,4,"1997-04-27","1994-01-17"
2571,1435,35021,4,"2004-05-23","1997-09-22"
3310,5192,70033,3,"1997-04-27","1994-01-17"
2713,5192,70163,3,"2000-10-22","1997-09-22"
1810,5192,70136,3,"2004-05-23","2001-01-29"
3075,2111,70174,2,"1997-04-27","1994-01-17"
2473,2111,59002,2,"2004-05-23","1997-09-22"
3646,2733,70125,3,"2004-05-23","2002-09-30"
1478,2733,24026,3,"2005-11-29","2004-10-04"
3090,3102,59019,28,"2000-10-22","1994-01-17"
1584,3102,59019,25,"2004-05-23","2001-01-29"
3104,5642,59033,4,"2000-10-22","1994-01-17"
3237,2584,35095,4,"2005-11-29","1994-01-17"
3192,2379,70217,4,"1997-04-27","1994-01-17"
3316,172,24063,3,"2007-09-17","1994-01-17"
2632,2379,70099,4,"2004-05-23","1997-09-22"
1374,2379,35032,4,"2005-11-29","2004-10-04"
1698,4641,70092,4,"2004-05-23","2001-01-29"
3101,4156,70187,28,"1997-04-27","1994-01-17"
2495,4156,70055,28,"2000-10-22","1997-09-22"
1593,4156,70055,25,"2004-05-23","2001-01-29"
3330,8116,70256,2,"1997-04-27","1994-01-17"
327,402,24048,3,"2008-09-07","2006-04-03"
3229,1698,35076,4,"2005-11-29","1994-01-17"
3300,7956,70244,4,"1997-04-27","1994-01-17"
2542,4361,70068,2,"2004-05-23","1997-09-22"
3091,3071,70185,28,"1997-04-27","1994-01-17"
2480,3071,70007,28,"2000-10-22","1997-09-22"
1577,3071,70007,25,"2004-05-23","2001-01-29"
1273,3071,70007,1,"2005-11-29","2004-10-04"
2720,3820,24065,4,"2004-05-23","1997-09-22"
3275,6299,70238,3,"1997-04-27","1994-01-17"
2667,6299,70115,3,"2000-10-22","1997-09-22"
3325,5266,24072,3,"2004-05-23","1994-01-17"
1498,170,70030,3,"2005-11-29","2004-10-04"
2660,4925,70111,4,"2004-05-23","1997-09-22"
2516,301,70058,2,"2004-05-23","1997-09-22"
1395,278,35053,1,"2005-05-16","2004-10-04"
892,278,35053,4,"2008-09-07","2005-05-17"
3197,127,70090,4,"2004-05-23","1994-01-17"
2543,192,12004,2,"2008-09-07","1997-09-22"
3124,259,70194,4,"1997-04-27","1994-01-17"
2524,259,13003,4,"2008-09-07","1997-09-22"
3053,131,48004,28,"2000-10-22","1994-01-17"
1547,131,48004,25,"2004-05-23","2001-01-29"
1238,131,48004,1,"2008-09-07","2004-10-04"
2715,29,70164,3,"2000-10-22","1997-09-22"
1813,29,70137,3,"2004-05-23","2001-01-29"
1576,138,70048,25,"2004-05-23","2001-01-29"
1272,138,70006,1,"2005-11-29","2004-10-04"
445,138,59010,1,"2008-09-07","2006-04-03"
1356,217,70020,1,"2005-11-29","2004-10-04"
3119,30,70060,2,"2004-05-23","1994-01-17"
1303,30,46005,2,"2008-09-07","2004-10-04"
2541,58,70067,26,"2004-05-23","1997-09-22"
1337,58,70018,1,"2005-11-29","2004-10-04"
615,462,59036,4,"2008-01-28","2006-04-03"
923,462,59036,5,"2008-08-29","2008-01-29"
3219,124,70226,4,"1997-04-27","1994-01-17"
368,58,12007,5,"2009-11-09","2007-06-06"
1435,124,35093,4,"2008-03-17","2004-10-04"
2640,124,70103,4,"2004-05-23","1997-09-22"
3287,94,24031,3,"2004-05-23","1994-01-17"
1483,94,70027,3,"2005-11-29","2004-10-04"
3069,204,48023,28,"2000-10-22","1994-01-17"
1565,204,48023,25,"2004-05-23","2001-01-29"
1257,204,48023,1,"2008-09-07","2004-10-04"
3205,47,70222,4,"1997-04-27","1994-01-17"
2607,47,35060,4,"2008-09-07","1997-09-22"
4061,8589,24041,3,"2014-08-11","2011-05-02"
4081,8818,35047,1,"2015-02-08","2011-05-02"
326,401,35066,1,"2015-03-16","2006-04-03"
4059,8582,24039,2,"2015-10-19","2011-05-02"
3176,61,70080,4,"2004-05-23","1994-01-17"
1369,61,35027,4,"2008-09-07","2004-10-04"
3151,273,70203,4,"1997-04-27","1994-01-17"
2551,273,70072,4,"2004-05-23","1997-09-22"
1344,273,35002,4,"2008-09-07","2004-10-04"
1835,103,47006,25,"2004-05-23","2001-01-29"
1533,103,47006,1,"2008-09-07","2004-10-04"
1235,143,70001,1,"2005-11-29","2004-10-04"
1305,220,46007,1,"2008-09-07","2004-10-04"
2545,44,12006,26,"2003-12-10","1997-09-22"
2606,304,70095,4,"2004-05-23","1997-09-22"
2695,271,70028,3,"2005-11-29","1997-09-22"
577,271,24035,3,"2008-09-07","2006-04-03"
1839,266,47010,25,"2004-05-23","2001-01-29"
1537,266,47010,1,"2008-09-07","2004-10-04"
332,403,59031,2,"2008-09-07","2006-04-03"
3127,140,13006,4,"2008-09-07","1994-01-17"
1718,113,35074,25,"2004-05-23","2001-01-29"
3081,277,70178,28,"1997-04-27","1994-01-17"
2478,277,70047,28,"2000-10-22","1997-09-22"
1575,277,70047,25,"2004-05-23","2001-01-29"
1532,19,47005,1,"2008-09-07","2004-10-04"
1833,9,47004,25,"2004-05-23","2001-01-29"
1294,98,59032,4,"2005-11-29","2004-10-04"
406,98,59032,1,"2008-09-07","2006-04-03"
342,406,59017,2,"2009-12-30","2006-04-03"
2449,216,48002,28,"2000-10-22","1997-09-22"
1546,216,48002,25,"2004-05-23","2001-01-29"
3052,2,70171,28,"1997-04-27","1994-01-17"
2454,2,48005,28,"2000-10-22","1997-09-22"
1551,2,48005,25,"2004-05-23","2001-01-29"
510,343,47003,4,"2008-03-17","2006-04-03"
3232,184,35088,4,"2008-09-07","1994-01-17"
3095,133,70053,28,"2000-10-22","1994-01-17"
1588,133,70053,25,"2004-05-23","2001-01-29"
1619,166,70061,4,"2004-05-23","2001-01-29"
3342,43,47014,28,"2000-10-22","1994-01-17"
1843,43,47014,25,"2004-05-23","2001-01-29"
598,457,35030,1,"2007-10-15","2006-04-03"
906,457,35030,4,"2008-09-07","2007-10-16"
2493,174,59024,28,"2000-10-22","1997-09-22"
1591,174,59024,25,"2004-05-23","2001-01-29"
3148,242,12005,4,"1997-04-27","1994-01-17"
2548,151,70071,26,"2004-05-23","1997-09-22"
1574,186,59008,25,"2004-01-13","2001-01-29"
2733,246,47001,28,"2000-10-22","1997-09-22"
1830,246,47001,25,"2004-05-23","2001-01-29"
2717,226,70165,3,"2000-10-22","1997-09-22"
1811,226,24057,3,"2008-09-07","2001-01-29"
3080,186,59008,28,"2000-10-22","1994-01-17"
1354,215,70019,1,"2005-11-29","2004-10-04"
3153,180,35006,4,"2000-10-22","1994-01-17"
1652,180,70075,4,"2004-05-23","2001-01-29"
2510,183,70012,28,"2000-10-22","1997-09-22"
1607,183,70012,25,"2004-05-23","2001-01-29"
1302,183,70012,1,"2005-11-29","2004-10-04"
3242,227,35100,4,"2008-03-17","1994-01-17"
2592,106,35043,4,"2006-11-27","1997-09-22"
1587,208,70052,25,"2004-05-23","2001-01-29"
1556,239,70040,25,"2004-05-23","2001-01-29"
490,183,46004,1,"2010-09-15","2006-04-03"
4095,1813,24068,2,"2012-01-09","2011-05-02"
2451,152,48007,28,"2000-10-22","1997-09-22"
1548,152,48007,25,"2004-05-23","2001-01-29"
3096,137,59022,28,"2000-10-22","1994-01-17"
1589,137,59022,25,"2004-05-23","2001-01-29"
3084,1,70180,28,"1997-04-27","1994-01-17"
339,405,61001,2,"2014-09-01","2006-04-03"
2481,1,59012,28,"2000-10-22","1997-09-22"
1579,1,59012,25,"2004-05-23","2001-01-29"
1237,236,70002,1,"2005-11-29","2004-10-04"
1746,69,70107,2,"2004-05-23","2001-01-29"
3202,35,35056,4,"2000-10-22","1994-01-17"
3193,106,70218,4,"1997-04-27","1994-01-17"
3251,194,11003,4,"2008-09-07","1994-01-17"
1665,298,35019,4,"2004-05-23","2001-01-29"
3079,77,70177,28,"1997-04-27","1994-01-17"
2475,77,70046,28,"2000-10-22","1997-09-22"
3089,95,70184,28,"1997-04-27","1994-01-17"
2500,95,59031,28,"2000-10-22","1997-09-22"
1598,95,59031,25,"2004-05-23","2001-01-29"
1293,95,59031,1,"2005-11-29","2004-10-04"
3169,181,70209,4,"1997-04-27","1994-01-17"
2570,181,70079,4,"2004-05-23","1997-09-22"
1439,181,35097,4,"2008-09-07","2004-10-04"
1692,191,70088,4,"2004-05-23","2001-01-29"
2624,195,70098,4,"2004-05-23","1997-09-22"
3070,305,70044,28,"2000-10-22","1994-01-17"
1566,305,70044,25,"2004-05-23","2001-01-29"
1251,305,48015,1,"2008-09-07","2004-10-04"
2587,241,35037,4,"2008-09-07","1997-09-22"
1432,37,35090,4,"2008-09-07","2004-10-04"
3064,99,70042,28,"2000-10-22","1994-01-17"
1559,99,70042,25,"2004-05-23","2001-01-29"
1249,99,48016,1,"2008-09-07","2004-10-04"
1552,270,48010,25,"2004-05-23","2001-01-29"
1368,202,70021,1,"2005-11-29","2004-10-04"
1239,245,70003,1,"2005-11-29","2004-10-04"
3071,25,70173,28,"1997-04-27","1994-01-17"
2463,25,70043,28,"2000-10-22","1997-09-22"
1560,25,70043,25,"2004-05-23","2001-01-29"
578,272,35009,4,"2008-09-07","2006-04-03"
1508,282,70033,3,"2005-11-29","2004-10-04"
590,282,24056,3,"2007-10-15","2006-04-03"
898,282,24056,5,"2008-09-07","2007-10-16"
3308,232,70032,3,"2000-10-22","1994-01-17"
1759,232,24054,3,"2004-05-23","2001-01-29"
1506,232,70032,3,"2005-11-29","2004-10-04"
3670,135,70065,26,"2004-05-23","1999-10-12"
1329,135,70017,1,"2005-11-29","2004-10-04"
442,135,10007,1,"2008-09-07","2006-04-03"
3689,247,70249,4,"1997-04-27","1994-01-17"
2732,247,24075,4,"2008-09-07","1997-09-22"
1401,281,35059,4,"2008-09-07","2004-10-04"
1831,307,47002,25,"2004-05-23","2001-01-29"
3152,205,70204,4,"1997-04-27","1994-01-17"
2744,296,70169,28,"2000-10-22","1997-09-22"
1840,296,47011,25,"2004-05-23","2001-01-29"
3206,197,70223,4,"1997-04-27","1994-01-17"
2618,197,70097,4,"2004-05-23","1997-09-22"
1569,201,48028,25,"2004-05-23","2001-01-29"
3286,128,70126,3,"2004-05-23","1994-01-17"
3067,269,48021,28,"2000-10-22","1994-01-17"
1563,269,48021,25,"2004-05-23","2001-01-29"
1255,269,48021,1,"2008-09-07","2004-10-04"
3073,284,48027,28,"2000-10-22","1994-01-17"
1568,284,48027,25,"2004-05-23","2001-01-29"
1261,284,48027,1,"2008-09-07","2004-10-04"
312,397,35049,4,"2008-09-07","2006-04-03"
3273,230,24018,3,"2008-09-07","1994-01-17"
3285,187,24029,4,"2008-09-07","1994-01-17"
3125,308,13004,4,"1997-04-27","1994-01-17"
1320,308,13009,4,"2008-09-07","2004-10-04"
522,445,35068,2,"2008-09-07","2006-04-03"
545,450,59028,2,"2008-09-07","2006-04-03"
2456,120,48013,28,"2000-10-22","1997-09-22"
1553,120,70037,25,"2004-05-23","2001-01-29"
1284,137,59022,1,"2010-10-25","2004-10-04"
2546,177,70069,26,"2004-05-23","1997-09-22"
3056,132,48009,28,"1997-04-27","1994-01-17"
3649,132,48008,25,"2004-05-23","2001-01-29"
3184,274,35034,4,"2008-09-07","1994-01-17"
2461,142,48018,28,"2000-10-22","1997-09-22"
1558,142,48018,25,"2004-05-23","2001-01-29"
1252,142,48018,1,"2008-09-07","2004-10-04"
1269,148,70005,1,"2005-11-29","2004-10-04"
2693,105,70129,4,"2004-05-23","1997-09-22"
3650,264,46009,4,"2008-09-07","2001-01-29"
3335,121,70260,4,"1997-04-27","1994-01-17"
2464,59,48019,28,"2000-10-22","1997-09-22"
1561,59,48019,25,"2004-05-23","2001-01-29"
2453,7,48009,28,"2000-10-22","1997-09-22"
1550,7,48009,25,"2004-05-23","2001-01-29"
1521,297,24069,3,"2011-03-26","2004-10-04"
1316,207,70013,1,"2005-11-29","2004-10-04"
3702,8347,24058,1,"2011-03-26","2009-11-10"
1078,574,35008,4,"2011-03-26","2008-11-18"
320,399,24051,5,"2011-03-26","2006-04-03"
1636,78,70066,4,"2004-05-23","2001-01-29"
417,426,24015,3,"2011-03-26","2006-04-03"
529,447,24010,3,"2011-03-26","2006-04-03"
391,419,24006,3,"2011-03-26","2006-04-03"
1059,569,24056,3,"2011-03-26","2008-11-18"
3683,76,35024,4,"2008-09-07","1996-02-27"
3701,8342,24021,3,"2011-03-26","2009-11-10"
1469,36,24017,3,"2011-03-26","2004-10-04"
3643,257,70096,26,"2004-05-23","2002-09-30"
1479,159,24028,3,"2011-03-26","2004-10-04"
1687,243,70087,25,"2004-05-23","2001-01-29"
1600,218,59033,4,"2008-03-17","2001-01-29"
592,285,13008,1,"2011-03-26","2006-04-03"
1324,265,70015,4,"2005-11-29","2004-10-04"
1491,12,24039,3,"2011-03-26","2004-10-04"
1021,565,24035,3,"2011-03-26","2008-11-18"
464,433,24068,3,"2011-03-26","2006-04-03"
949,571,24065,3,"2011-03-26","2008-11-18"
1753,209,70109,4,"2004-05-23","2001-01-29"
1234,564,24029,4,"2011-03-26","2008-11-18"
1015,570,24057,3,"2011-03-26","2008-11-18"
487,437,24074,3,"2011-03-26","2006-04-03"
3672,238,24023,4,"2011-03-26","1999-10-12"
1300,104,70011,1,"2005-11-29","2004-10-04"
465,158,24004,3,"2011-03-26","2006-04-03"
3693,81,59020,25,"2004-05-23","1999-10-12"
436,130,24014,3,"2011-03-26","2006-04-03"
1026,568,24053,3,"2011-03-26","2008-11-18"
1431,147,35089,4,"2008-09-07","2004-10-04"
1524,48,24072,3,"2011-03-26","2004-10-04"
1161,563,24018,3,"2011-03-26","2008-11-18"
3239,280,70231,4,"1997-04-27","1994-01-17"
2588,280,35039,4,"2008-09-07","1997-09-22"
1495,115,24043,3,"2011-03-26","2004-10-04"
995,555,10007,4,"2011-03-26","2008-11-18"
1543,395,10004,4,"2011-03-26","2004-10-04"
477,170,24046,3,"2011-03-26","2006-04-03"
458,432,46003,4,"2008-09-07","2006-04-03"
3224,299,70227,4,"1997-04-27","1994-01-17"
2625,299,35084,4,"2008-09-07","1997-09-22"
1507,23,24055,3,"2014-08-25","2004-10-04"
3654,219,24067,4,"2014-11-04","2001-01-29"
4144,8646,24059,2,"2015-10-19","2011-05-02"
1364,306,35022,4,"2011-03-26","2004-10-04"
1844,15,60001,4,"2011-03-26","2001-01-29"
1482,83,24030,3,"2011-03-26","2004-10-04"
1609,287,46008,25,"2004-05-23","2001-01-29"
1393,153,35051,4,"2007-01-04","2004-10-04"
769,153,35051,1,"2008-09-07","2007-01-05"
3222,52,35081,4,"2011-03-26","1994-01-17"
1268,77,59006,1,"2011-03-26","2004-10-04"
604,459,24038,1,"2011-03-26","2006-04-03"
1445,93,35103,4,"2011-03-26","2004-10-04"
364,414,24050,1,"2011-03-26","2006-04-03"
722,549,35100,4,"2011-03-26","2008-03-18"
1426,129,35085,1,"2010-04-08","2004-10-04"
1453,168,24001,3,"2011-03-26","2004-10-04"
1438,27,35096,4,"2010-09-02","2004-10-04"
1310,301,46012,2,"2010-04-30","2004-10-04"
543,236,48003,1,"2010-11-14","2006-04-03"
557,250,24041,3,"2010-10-22","2006-04-03"
2553,205,35005,4,"2011-03-26","1997-09-22"
1357,262,35015,4,"2011-03-26","2004-10-04"
1465,2684,70025,3,"2005-11-29","2004-10-04"
2511,4249,46007,28,"2000-10-22","1997-09-22"
3110,4249,70188,28,"1997-04-27","1994-01-17"
1749,288,35105,4,"2011-03-26","2001-01-29"
1389,127,35048,4,"2011-03-26","2004-10-04"
1616,211,46014,4,"2011-03-26","2001-01-29"
1399,249,35057,4,"2011-03-26","2004-10-04"
1513,29,24061,3,"2011-03-26","2004-10-04"
1264,261,59002,2,"2011-03-26","2004-10-04"
403,94,24031,3,"2011-03-26","2006-04-03"
1011,585,35049,1,"2011-03-26","2008-11-18"
1000,586,35051,4,"2011-03-26","2008-11-18"
3303,224,24049,4,"2011-03-26","1994-01-17"
519,443,13007,4,"2011-03-26","2006-04-03"
1417,304,35075,4,"2011-03-26","2004-10-04"
1514,164,24062,3,"2011-03-26","2004-10-04"
3306,112,24052,3,"2011-03-26","1994-01-17"
1267,277,59005,1,"2011-03-26","2004-10-04"
3317,14,24064,3,"2011-03-26","1994-01-17"
539,449,24013,1,"2011-03-26","2006-04-03"
3226,167,35083,4,"2011-03-26","1994-01-17"
897,547,24063,3,"2011-03-26","2007-09-18"
1824,41,24071,3,"2011-03-26","2001-01-29"
978,615,59028,1,"2011-03-26","2008-11-18"
1128,562,24011,4,"2011-03-26","2008-11-18"
1286,174,59024,1,"2011-03-26","2004-10-04"
536,464,35043,4,"2011-03-26","2006-11-28"
1081,591,35068,4,"2011-03-26","2008-11-18"
1270,186,59008,4,"2011-03-26","2004-10-04"
1348,180,35006,4,"2011-03-26","2004-10-04"
1460,10,24008,3,"2011-03-26","2004-10-04"
1317,79,13005,4,"2011-03-26","2004-10-04"
343,407,24026,1,"2011-03-26","2006-04-03"
1274,1,59012,1,"2011-03-26","2004-10-04"
1111,599,46005,2,"2011-03-26","2008-11-18"
606,298,35019,4,"2011-03-26","2006-04-03"
1436,165,35094,2,"2011-08-22","2004-10-04"
1246,120,48013,1,"2011-12-05","2004-10-04"
552,245,48006,1,"2012-06-06","2006-04-03"
1170,607,48015,1,"2013-06-05","2008-11-18"
854,551,35093,4,"2013-06-19","2008-03-17"
1306,287,46008,1,"2013-07-09","2004-10-04"
1254,200,48020,1,"2013-11-07","2004-10-04"
1299,291,46001,1,"2013-08-31","2004-10-04"
450,143,48001,1,"2014-01-17","2006-04-03"
374,416,35095,2,"2014-03-13","2006-04-03"
3225,150,35080,4,"2014-04-01","1994-01-17"
413,425,35099,1,"2014-04-10","2006-04-03"
1262,201,48028,1,"2014-09-17","2004-10-04"
1205,593,35088,2,"2014-12-16","2008-11-18"
357,410,35004,1,"2015-05-14","2006-04-03"
1276,175,59014,1,"2015-03-30","2004-10-04"
1343,139,35001,4,"2011-03-26","2004-10-04"
2702,144,24045,4,"2011-03-26","1997-09-22"
1414,197,35072,4,"2011-03-26","2004-10-04"
1525,101,24073,3,"2011-03-26","2004-10-04"
448,431,35023,4,"2011-03-26","2006-04-03"
1194,592,35084,4,"2011-03-26","2008-11-18"
560,253,12003,4,"2011-03-26","2006-04-03"
1511,128,24059,3,"2011-03-26","2004-10-04"
1391,16,35047,4,"2011-03-26","2004-10-04"
1484,82,24032,3,"2011-03-26","2004-10-04"
1474,248,24022,4,"2011-03-26","2004-10-04"
388,418,35078,1,"2011-03-26","2006-04-03"
3198,279,35050,4,"2011-03-26","1994-01-17"
3187,203,35036,4,"2011-03-26","1994-01-17"
1781,221,24025,3,"2011-03-26","2001-01-29"
1152,566,24037,3,"2011-03-26","2008-11-18"
1485,105,24033,4,"2011-03-26","2004-10-04"
1471,31,24019,3,"2011-03-26","2004-10-04"
521,444,24020,3,"2011-03-26","2006-04-03"
1253,59,48019,1,"2011-03-26","2004-10-04"
1242,7,48009,1,"2011-03-26","2004-10-04"
1468,38,24016,3,"2011-03-26","2004-10-04"
1455,56,24003,3,"2011-03-26","2004-10-04"
1149,576,35017,4,"2011-03-26","2008-11-18"
1350,88,35007,4,"2011-03-26","2004-10-04"
3677,53,24070,3,"2011-03-26","1997-09-22"
1492,199,24040,3,"2011-03-26","2004-10-04"
1450,209,11002,4,"2011-03-26","2004-10-04"
1282,81,59020,1,"2011-03-26","2004-10-04"
397,422,59016,4,"2011-03-26","2006-04-03"
351,409,24007,1,"2011-03-26","2006-04-03"
576,454,24024,3,"2011-03-26","2006-04-03"
1419,188,35079,2,"2011-03-26","2004-10-04"
1296,90,59034,4,"2011-03-26","2004-10-04"
1358,240,35016,4,"2011-03-26","2004-10-04"
1464,169,24012,3,"2011-03-26","2004-10-04"
4030,129,35085,5,"2011-03-26","2010-04-09"
1072,596,35091,2,"2012-04-23","2008-11-18"
1608,220,46007,25,"2004-05-23","2001-01-29"
528,217,35014,1,"2012-07-31","2006-04-03"
561,451,59035,2,"2012-08-31","2006-04-03"
4038,8379,10004,1,"2013-03-14","2011-05-02"
4050,8538,24026,2,"2013-02-27","2011-05-02"
2668,68,24009,4,"2013-06-03","1997-09-22"
4149,120,48013,5,"2013-06-06","2011-12-06"
518,442,24002,3,"2013-09-12","2006-04-03"
392,420,35071,1,"2013-09-26","2006-04-03"
4151,596,35091,5,"2013-12-12","2012-04-24"
4062,8596,24043,2,"2014-06-05","2011-05-02"
4034,8685,24072,2,"","2011-05-02"
4168,8589,24041,5,"2014-10-20","2014-08-12"
4069,8628,24053,2,"2014-10-20","2011-05-02"
938,552,10001,4,"2014-11-04","2008-11-18"
4160,420,35071,5,"2014-11-05","2013-09-27"
1640,242,12005,4,"","2001-01-29"
1314,166,13002,4,"","2004-10-04"
4035,8690,24073,2,"2015-10-19","2011-05-02"
1173,611,48027,1,"2015-10-19","2008-11-18"
4037,998,35019,1,"2015-10-19","2011-05-02"
4039,1063,10007,2,"2015-10-19","2011-05-02"
1188,556,11003,1,"2015-10-19","2008-11-18"
4041,8406,12003,2,"2015-10-19","2011-05-02"
1339,151,12009,1,"2015-10-19","2004-10-04"
1084,558,12011,1,"2015-10-19","2008-11-18"
4042,8436,13005,1,"2015-10-19","2011-05-02"
4043,8442,13007,1,"2015-10-19","2011-05-02"
4044,8446,13008,1,"2015-10-19","2011-05-02"
4047,8528,24023,2,"2015-10-19","2011-05-02"
4048,8529,24024,2,"2015-10-19","2011-05-02"
4049,1788,24025,2,"2015-10-19","2011-05-02"
4051,8547,24028,2,"2015-10-19","2011-05-02"
4052,8555,24030,2,"2015-10-19","2011-05-02"
4054,8562,24032,2,"2015-10-19","2011-05-02"
4055,1781,24033,2,"2015-10-19","2011-05-02"
4056,8571,24035,2,"2015-10-19","2011-05-02"
4057,1820,24037,2,"2015-10-19","2011-05-02"
4058,1823,24038,2,"2015-10-19","2011-05-02"
4060,1804,24040,2,"2015-10-19","2011-05-02"
4063,8603,24045,2,"2015-10-19","2011-05-02"
4065,8614,24049,2,"2015-10-19","2011-05-02"
4066,8618,24050,2,"2015-10-19","2011-05-02"
4067,8621,24051,2,"2015-10-19","2011-05-02"
4068,8625,24052,2,"2015-10-19","2011-05-02"
4070,8700,35001,1,"2015-10-19","2011-05-02"
4071,8712,35005,2,"2015-10-19","2011-05-02"
4072,2301,35006,1,"2015-10-19","2011-05-02"
4073,877,35007,1,"2015-10-19","2011-05-02"
4074,784,35008,1,"2015-10-19","2011-05-02"
4075,8736,35015,2,"2015-10-19","2011-05-02"
4076,8737,35016,1,"2015-10-19","2011-05-02"
4077,704,35017,1,"2015-10-19","2011-05-02"
4078,8749,35022,1,"2015-10-19","2011-05-02"
4079,8753,35023,1,"2015-10-19","2011-05-02"
2521,119,13001,2,"2015-10-19","1997-09-22"
492,439,35032,2,"2015-10-19","2006-04-03"
1230,582,35037,1,"2015-10-19","2008-11-18"
969,583,35039,1,"2015-10-19","2008-11-18"
1382,243,35040,1,"2015-10-19","2004-10-04"
525,446,35058,1,"2015-10-19","2006-04-03"
979,589,35059,1,"2015-10-19","2008-11-18"
1233,590,35060,1,"2015-10-19","2008-11-18"
396,421,35062,2,"2015-10-19","2006-04-03"
1360,286,35018,1,"","2004-10-04"
3250,176,11001,4,"","1994-01-17"
4040,8392,11002,4,"","2011-05-02"
4053,8558,24031,2,"","2011-05-02"
1336,44,12006,4,"","2003-12-11"
4045,1371,24001,2,"","2011-05-02"
4064,8606,24046,2,"","2011-05-02"
826,546,24047,2,"","2007-09-17"
1214,578,35027,4,"2015-10-19","2008-11-18"
1167,579,35030,1,"2015-10-19","2008-11-18"
1175,581,35035,1,"2015-10-19","2008-11-18"
1383,46,35041,1,"2015-10-19","2004-10-04"
4080,8810,35043,1,"2015-10-19","2011-05-02"
1069,584,35044,1,"2015-10-19","2008-11-18"
1387,191,35045,4,"2015-10-19","2004-10-04"
4082,8823,35048,1,"2015-10-19","2011-05-02"
4086,418,35078,1,"2015-10-19","2011-05-02"
4084,445,35068,2,"2015-10-19","2011-05-02"
4085,8896,35075,1,"2015-10-19","2011-05-02"
2631,24,35077,4,"2015-10-19","1997-09-22"
4087,8904,35079,1,"2015-10-19","2011-05-02"
931,597,35097,2,"2015-10-19","2008-11-18"
4088,675,35100,1,"2015-10-19","2011-05-02"
1444,69,35101,2,"2015-10-19","2004-10-04"
4089,8959,35103,1,"2015-10-19","2011-05-02"
4090,733,35105,2,"2015-10-19","2011-05-02"
3671,260,35106,4,"2015-10-19","1999-10-12"
4091,8975,46005,1,"2015-10-19","2011-05-02"
1304,268,46006,1,"2015-10-19","2004-10-04"
1308,28,46010,1,"2015-10-19","2004-10-04"
358,411,46013,1,"2015-10-19","2006-04-03"
4092,8997,46014,1,"2015-10-19","2011-05-02"
1529,307,47002,1,"2015-10-19","2004-10-04"
1534,173,47007,1,"2015-10-19","2004-10-04"
1536,290,47009,1,"2015-10-19","2004-10-04"
963,604,47010,1,"2015-10-19","2008-11-18"
1539,155,47012,1,"2015-10-19","2004-10-04"
1541,43,47014,1,"2015-10-19","2004-10-04"
1156,609,48021,1,"2015-10-19","2008-11-18"
610,461,48022,1,"2015-10-19","2006-04-03"
1258,25,48024,1,"2015-10-19","2004-10-04"
583,455,48025,1,"2015-10-19","2006-04-03"
361,412,48026,1,"2015-10-19","2006-04-03"
1183,613,59019,1,"2015-10-19","2008-11-18"
1226,617,59036,1,"2015-10-19","2008-11-18"
4093,8661,24064,2,"2015-10-19","2011-05-02"
4094,8664,24065,2,"2015-10-19","2011-05-02"
4096,8675,24069,2,"2015-10-19","2011-05-02"
4098,8682,24071,2,"2015-10-19","2011-05-02"
1362,237,35020,1,"2015-10-19","2004-10-04"
1275,300,59013,1,"2015-10-19","2004-10-04"
1363,302,35021,1,"2015-10-19","2004-10-04"
4099,9227,60001,1,"2015-10-19","2011-05-02"
4100,3139,59002,2,"2015-10-19","2011-05-02"
4101,9130,59005,1,"2015-10-19","2011-05-02"
4102,9132,59006,1,"2015-10-19","2011-05-02"
4103,2038,59008,2,"2015-10-19","2011-05-02"
4104,9152,59012,1,"2015-10-19","2011-05-02"
4105,9166,59016,2,"2015-10-19","2011-05-02"
4106,9172,59020,1,"2015-10-19","2011-05-02"
4107,9183,59022,1,"2015-10-19","2011-05-02"
4109,9199,59028,2,"2015-10-19","2011-05-02"
4110,1241,59034,1,"2015-10-19","2011-05-02"
4111,8790,35036,4,"2015-10-19","2011-05-02"
4112,8846,35057,1,"2015-10-19","2011-05-02"
4113,8886,35072,1,"2015-10-19","2011-05-02"
4114,1037,35081,1,"2015-10-19","2011-05-02"
4115,8915,35083,2,"2015-10-19","2011-05-02"
4116,2534,35084,2,"2015-10-19","2011-05-02"
4118,9042,48003,1,"2015-10-19","2011-05-02"
4119,729,35050,1,"2015-10-19","2011-05-02"
4120,8828,35051,1,"2015-10-19","2011-05-02"
4122,9087,48019,1,"2015-10-19","2011-05-02"
4123,8461,24003,2,"2015-10-19","2011-05-02"
4124,8465,24004,2,"2015-10-19","2011-05-02"
4125,8474,24006,2,"2015-10-19","2011-05-02"
4126,1816,24007,2,"2015-10-19","2011-05-02"
4128,8486,24010,2,"2015-10-19","2011-05-02"
4129,1326,24011,2,"2015-10-19","2011-05-02"
4130,8491,24012,2,"2015-10-19","2011-05-02"
4131,1172,24013,2,"2015-10-19","2011-05-02"
4132,1837,24014,2,"2015-10-19","2011-05-02"
4133,8500,24015,2,"2015-10-19","2011-05-02"
4134,8505,24016,2,"2015-10-19","2011-05-02"
4135,1766,24017,2,"2015-10-19","2011-05-02"
4137,3658,24019,2,"2015-10-19","2011-05-02"
4083,585,35049,1,"2015-10-19","2011-05-02"
4121,7,48009,1,"2015-10-19","2011-05-02"
4138,1772,24020,2,"2015-10-19","2011-05-02"
4140,8551,24029,2,"2015-10-19","2011-05-02"
4142,8642,24057,2,"2015-10-19","2011-05-02"
4143,8350,24058,2,"2015-10-19","2011-05-02"
4146,8656,24062,2,"2015-10-19","2011-05-02"
4147,8659,24063,2,"2015-10-19","2011-05-02"
1040,553,10005,4,"2015-10-19","2008-11-18"
1063,554,10006,2,"2015-10-19","2008-11-18"
3700,8337,12007,1,"2015-10-19","2009-11-10"
1338,276,12008,2,"2015-10-19","2004-10-04"
941,559,13003,1,"2015-10-19","2008-11-18"
429,428,24036,1,"2015-10-19","2006-04-03"
3686,89,24066,4,"2015-10-19","1996-02-27"
1265,146,59003,2,"2015-10-19","2004-10-04"
3699,8333,59017,2,"2015-10-19","2009-01-26"
500,441,59018,1,"2015-10-19","2006-04-03"
4148,1813,24068,4,"2015-10-19","2012-01-10"
1046,572,24075,4,"2015-10-19","2008-11-18"
1023,610,48023,1,"2015-10-19","2008-11-18"
3681,50,10003,4,"2015-10-19","1996-02-27"
534,448,24042,1,"2015-10-19","2006-04-03"
3673,72,24044,4,"2015-10-19","1999-10-12"
541,232,24054,3,"2015-10-19","2006-04-03"
586,456,35003,1,"2015-10-19","2006-04-03"
1353,122,35011,1,"2015-10-19","2004-10-04"
526,215,35012,1,"2015-10-19","2006-04-03"
601,458,35013,1,"2015-10-19","2006-04-03"
1166,595,35090,2,"2015-10-19","2008-11-18"
1266,133,59004,1,"2015-10-19","2004-10-04"
362,413,59011,1,"2015-10-19","2006-04-03"
1277,74,59015,2,"2015-10-19","2004-10-04"
1283,208,59021,1,"2015-10-19","2004-10-04"
1229,614,59023,1,"2015-10-19","2008-11-18"
322,400,59026,2,"2015-10-19","2006-04-03"
2499,80,59030,2,"2015-10-19","1997-09-22"
1027,95,59031,1,"2015-10-19","2008-11-18"
372,415,35033,2,"2015-10-19","2006-04-03"
1394,233,35052,1,"2015-10-19","2004-10-04"
1397,5,35055,1,"2015-10-19","2004-10-04"
1054,588,35056,2,"2015-10-19","2008-11-18"
1124,612,59010,1,"","2008-11-18"
410,424,59001,1,"","2006-04-03"
4108,9187,59024,9,"","2011-05-02"
3102,109,59029,4,"","1994-01-17"
1007,616,59032,2,"","2008-11-18"
512,202,35026,1,"","2006-04-03"
1028,577,35024,4,"","2008-11-18"
498,440,35042,2,"","2006-04-03"
567,452,35046,1,"","2006-04-03"
1645,100,12010,4,"","2001-01-29"
1416,113,35074,1,"","2004-10-04"
1373,65,35031,2,"","2004-10-04"
1434,11,35092,2,"","2004-10-04"
1440,64,35098,1,"","2004-10-04"
1102,580,35034,1,"","2008-11-18"
3653,189,35102,2,"","2001-01-29"
1370,102,35028,1,"","2004-10-04"
829,550,59033,4,"","2008-03-18"
311,396,35038,1,"","2006-04-03"
1405,193,35064,4,"","2004-10-04"
1029,608,48018,2,"","2008-11-18"
1528,246,47001,1,"","2004-10-04"
1531,9,47004,1,"","2004-10-04"
1535,256,47008,1,"","2004-10-04"
1068,600,46007,1,"","2008-11-18"
4136,2703,24018,2,"","2011-05-02"
4139,8517,24021,2,"","2011-05-02"
1480,255,24027,4,"","2004-10-04"
1409,178,35067,1,"","2004-10-04"
1211,567,24048,4,"","2008-11-18"
4141,1082,24056,2,"","2011-05-02"
4145,939,24061,2,"","2011-05-02"
4202,10335,62001,4,"2016-05-31","2015-10-19"
1371,87,35029,1,"2015-10-19","2004-10-04"
1415,157,35073,1,"2015-10-19","2004-10-04"
4223,132,70266,1,"2016-08-26","2015-10-19"
3687,21,35065,4,"2016-08-16","1994-01-17"
1248,239,48014,1,"2015-10-19","2004-10-04"
1236,216,48002,1,"2015-10-19","2004-10-04"
1190,605,48004,1,"2015-10-19","2008-11-18"
1243,2,48005,1,"2015-10-19","2004-10-04"
1240,152,48007,1,"2015-10-19","2004-10-04"
1244,270,48010,1,"2015-10-19","2004-10-04"
441,430,48012,1,"2015-10-19","2006-04-03"
973,587,35053,1,"2015-10-19","2008-11-18"
780,545,24060,1,"2015-10-19","2007-09-18"
475,435,35025,1,"2015-10-19","2006-04-03"
929,618,62001,1,"2015-10-19","2008-11-18"
454,148,59007,1,"2015-10-19","2006-04-03"
571,265,10002,4,"2015-10-19","2006-04-03"
1146,560,13006,1,"2015-10-19","2008-11-18"
1332,177,12002,1,"2015-10-19","2004-10-04"
1099,557,12004,2,"2015-10-19","2008-11-18"
517,207,13004,1,"2015-10-19","2006-04-03"
1227,561,13009,1,"2015-10-19","2008-11-18"
313,398,13010,1,"2015-10-19","2006-04-03"
346,408,24034,1,"2015-10-19","2006-04-03"
1121,575,35009,1,"2015-10-19","2008-11-18"
607,460,35010,1,"2015-10-19","2006-04-03"
404,423,35076,1,"2015-10-19","2006-04-03"
4031,8361,35096,1,"2015-10-19","2010-12-06"
414,104,46002,1,"2015-10-19","2006-04-03"
942,598,46003,2,"2015-10-19","2008-11-18"
4033,8353,46004,1,"2015-10-19","2010-12-06"
1048,601,46009,1,"2015-10-19","2008-11-18"
2515,185,46011,2,"2015-10-19","1997-09-22"
686,548,47003,1,"2015-10-19","2008-03-18"
967,602,47005,1,"2015-10-19","2008-11-18"
1538,296,47011,1,"2015-10-19","2004-10-04"
2745,121,47013,4,"2015-10-19","1997-09-22"
1271,126,59009,1,"2015-10-19","2004-10-04"
1288,136,59027,1,"2015-10-19","2004-10-04"
420,427,35063,1,"2015-10-19","2006-04-03"
564,257,35070,1,"2015-10-19","2006-04-03"
1241,132,48008,1,"2015-10-19","2004-10-04"
466,434,48011,1,"2015-10-19","2006-04-03"
1213,606,48016,1,"2015-10-19","2008-11-18"
1250,6,48017,1,"2015-10-19","2004-10-04"
4150,9240,35094,2,"2015-10-19","2012-03-20"
4153,9244,48006,1,"2015-10-19","2012-12-10"
4155,8538,24026,3,"2015-10-19","2013-02-28"
4157,607,48015,5,"2015-10-19","2013-06-06"
4158,120,48013,1,"2015-10-19","2013-06-07"
4159,442,24002,5,"2015-10-19","2013-09-13"
4163,9265,35093,4,"2015-10-19","2013-11-27"
4165,596,35091,9,"2015-10-19","2013-12-13"
4166,8692,24074,5,"2015-10-19","2014-08-21"
4167,8596,24043,5,"2015-10-19","2014-06-06"
4169,9289,35095,4,"2015-10-19","2014-06-30"
4171,9281,48020,1,"2015-10-19","2014-06-30"
4172,9276,48001,1,"2015-10-19","2014-06-30"
4173,405,70265,2,"2015-10-19","2014-09-02"
4174,23,24055,5,"2015-10-19","2014-08-26"
4175,8589,24041,39,"2015-10-19","2014-10-21"
4176,8628,24053,39,"2015-10-19","2014-10-21"
4177,552,10001,5,"2015-10-19","2014-11-05"
4178,219,24067,5,"2015-10-19","2014-11-05"
4179,9299,35099,1,"2015-10-19","2014-11-17"
4181,8818,35047,4,"2015-10-19","2015-02-09"
4182,175,59014,5,"2015-10-19","2015-03-31"
4183,10368,24064,4,"","2015-10-19"
4184,10153,70315,4,"","2015-10-19"
4185,10510,24068,4,"","2015-10-19"
4186,10499,24069,4,"","2015-10-19"
4097,8678,24070,2,"","2011-05-02"
4187,10531,24073,4,"","2015-10-19"
4188,3139,70361,2,"","2015-10-19"
4189,545,70160,1,"","2015-10-19"
4190,10068,35100,4,"","2015-10-19"
4191,8836,35053,4,"","2015-10-19"
4192,9726,35025,4,"","2015-10-19"
4193,10551,70319,1,"","2015-10-19"
4194,10450,35008,4,"","2015-10-19"
4195,10497,70177,4,"","2015-10-19"
4196,10351,24057,4,"","2015-10-19"
4197,10459,35078,1,"","2015-10-19"
4198,146,70183,2,"","2015-10-19"
4199,10277,70184,2,"","2015-10-19"
4200,9835,70345,4,"","2015-10-19"
1331,78,12001,4,"","2004-10-04"
4201,8849,70277,4,"","2015-10-19"
4203,9568,35020,1,"","2015-10-19"
4204,9873,12004,4,"","2015-10-19"
4205,9908,70207,4,"","2015-10-19"
4206,10273,70348,4,"","2015-10-19"
4207,9840,70241,4,"","2015-10-19"
4208,9985,70346,1,"","2015-10-19"
4209,10044,70327,4,"","2015-10-19"
4210,9946,70221,4,"","2015-10-19"
4117,8918,35085,1,"","2011-05-02"
4211,10075,70231,4,"","2015-10-19"
4212,10447,59009,4,"","2015-10-19"
4170,9285,35080,4,"","2014-06-30"
1071,573,35002,2,"","2008-11-18"
4213,15,60001,4,"","2015-10-19"
4214,233,70347,1,"","2015-10-19"
1083,594,35089,1,"","2008-11-18"
4215,10572,70076,4,"","2015-10-19"
4216,10418,70296,2,"","2015-10-19"
4217,10533,70252,3,"","2015-10-19"
4218,16,70333,4,"","2015-10-19"
4219,10557,35005,4,"","2015-10-19"
4220,10240,35091,4,"","2015-10-19"
4221,121,70260,4,"","2015-10-19"
4222,9622,70334,4,"","2015-10-19"
4224,9453,70267,1,"","2015-10-19"
4225,9547,59004,1,"","2015-10-19"
4226,10081,70269,4,"","2015-10-19"
4227,10053,70270,4,"","2015-10-19"
4228,562,70271,4,"","2015-10-19"
4229,9671,70272,4,"","2015-10-19"
4230,9643,70273,4,"","2015-10-19"
4164,9271,24009,4,"","2013-11-27"
4231,9542,59011,4,"","2015-10-19"
4232,9707,70276,4,"","2015-10-19"
4233,10204,35094,4,"","2015-10-19"
4234,9770,70278,4,"","2015-10-19"
4235,28,70279,1,"","2015-10-19"
4236,9666,70280,4,"","2015-10-19"
4237,9318,70281,2,"","2015-10-19"
4238,9649,70282,1,"","2015-10-19"
4239,10050,59019,4,"","2015-10-19"
4240,9634,70284,4,"","2015-10-19"
4241,10182,70285,4,"","2015-10-19"
4242,9954,70286,4,"","2015-10-19"
4243,232,70287,3,"","2015-10-19"
4244,408,70289,1,"","2015-10-19"
4245,9324,70290,4,"","2015-10-19"
4246,9306,70291,4,"","2015-10-19"
4247,9791,70292,2,"","2015-10-19"
4154,9243,35014,1,"","2012-12-10"
3253,96,11004,4,"","1994-01-17"
376,417,35069,1,"","2006-04-03"
1423,195,35082,4,"","2004-10-04"
580,453,35086,1,"","2006-04-03"
1429,163,35087,1,"","2004-10-04"
1448,295,35104,1,"","2004-10-04"
1287,75,59025,2,"","2004-10-04"
1396,212,35054,1,"","2004-10-04"
1067,603,47006,1,"","2008-11-18"
4180,9294,48028,1,"","2014-11-17"
4161,9258,46001,1,"","2013-11-27"
4162,9263,46008,1,"","2013-11-27"
4032,4264,46012,4,"","2010-12-06"
1403,55,35061,1,"","2004-10-04"
337,404,24005,1,"","2006-04-03"
4248,9899,59030,2,"","2015-10-19"
4249,2038,70295,2,"","2015-10-19"
4250,10194,70297,4,"","2015-10-19"
4251,572,70298,4,"","2015-10-19"
4152,9253,59035,2,"","2012-12-10"
4252,10414,59036,4,"","2015-10-19"
4253,9802,70301,1,"","2015-10-19"
4254,611,70302,1,"","2015-10-19"
4255,456,70303,1,"","2015-10-19"
4256,10055,70304,2,"","2015-10-19"
4257,10562,70305,4,"","2015-10-19"
4258,9709,70306,4,"","2015-10-19"
4259,46,70307,1,"","2015-10-19"
4260,575,70308,1,"","2015-10-19"
4261,9265,70310,4,"","2015-10-19"
4262,10382,70311,4,"","2015-10-19"
4263,139,70312,4,"","2015-10-19"
4264,9608,70313,4,"","2015-10-19"
4265,10542,70314,4,"","2015-10-19"
4266,9380,70343,3,"","2015-10-19"
4267,598,70316,2,"","2015-10-19"
4268,9713,70317,4,"","2015-10-19"
4269,10554,70318,1,"","2015-10-19"
4270,10139,35101,2,"","2015-10-19"
4271,10567,70320,4,"","2015-10-19"
4272,9364,70344,4,"","2015-10-19"
4273,579,70322,1,"","2015-10-19"
4274,9276,70323,1,"","2015-10-19"
4275,461,70324,1,"","2015-10-19"
4276,9183,70325,1,"","2015-10-19"
4277,270,70326,1,"","2015-10-19"
4278,576,35017,4,"","2015-10-19"
4280,8353,70329,1,"","2015-10-19"
4281,9935,70330,4,"","2015-10-19"
4282,10468,70331,4,"","2015-10-19"
4283,9289,70332,4,"","2015-10-19"
4284,10312,70335,4,"","2015-10-19"
4285,9958,70350,1,"","2015-10-19"
4286,5,70337,1,"","2015-10-19"
4287,10117,35010,4,"","2015-10-19"
4288,9572,35019,4,"","2015-10-19"
4289,89,70299,4,"","2015-10-19"
4290,610,70341,1,"","2015-10-19"
4291,8571,70342,2,"","2015-10-19"
4292,9430,35015,4,"","2015-10-19"
4293,240,35016,4,"","2015-10-19"
4294,9419,13001,4,"","2015-10-19"
4295,9425,13003,4,"","2015-10-19"
4296,9411,13004,4,"","2015-10-19"
4297,9408,13005,4,"","2015-10-19"
4298,306,35022,4,"","2015-10-19"
4299,9564,35021,2,"","2015-10-19"
4300,9437,70353,4,"","2015-10-19"
4301,9553,13010,4,"","2015-10-19"
4302,434,70355,1,"","2015-10-19"
4303,10131,70356,1,"","2015-10-19"
4304,9741,35029,1,"","2015-10-19"
4305,173,70358,1,"","2015-10-19"
4306,9812,70359,1,"","2015-10-19"
4307,9747,35032,4,"","2015-10-19"
4308,9753,35033,2,"","2015-10-19"
4309,9172,70362,1,"","2015-10-19"
4310,9556,35023,4,"","2015-10-19"
4311,9603,35036,4,"","2015-10-19"
4312,9600,35037,4,"","2015-10-19"
4313,9313,70351,1,"","2015-10-19"
4314,9818,70367,1,"","2015-10-19"
4315,290,70368,1,"","2015-10-19"
4316,9439,13008,4,"","2015-10-19"
4317,9775,35043,4,"","2015-10-19"
4318,9781,35044,4,"","2015-10-19"
4319,869,35045,1,"","2015-10-19"
4320,412,70375,1,"","2015-10-19"
4321,8822,35048,4,"","2015-10-19"
4322,409,70268,1,"","2015-10-19"
4323,9315,12011,4,"","2015-10-19"
4324,24,70380,4,"","2015-10-19"
4325,9417,70354,4,"","2015-10-19"
4326,8655,70382,4,"","2015-10-19"
4327,10463,70383,4,"","2015-10-19"
4328,9918,35056,4,"","2015-10-19"
4329,9511,70385,4,"","2015-10-19"
4331,300,70387,1,"","2015-10-19"
4332,10396,35060,4,"","2015-10-19"
4333,10029,70389,4,"","2015-10-19"
4334,10021,70390,4,"","2015-10-19"
4335,10399,70391,4,"","2015-10-19"
4336,9882,24030,4,"","2015-10-19"
4337,9834,11003,4,"","2015-10-19"
4338,10301,35070,1,"","2015-10-19"
4339,604,70357,1,"","2015-10-19"
4340,10314,35075,4,"","2015-10-19"
4341,10281,35076,4,"","2015-10-19"
4342,9731,35027,4,"","2015-10-19"
4343,10134,35079,4,"","2015-10-19"
4344,10523,70379,4,"","2015-10-19"
4345,10475,35081,4,"","2015-10-19"
4346,10439,35084,4,"","2015-10-19"
4347,8474,70274,2,"","2015-10-19"
4348,10228,35088,4,"","2015-10-19"
4349,243,70360,1,"","2015-10-19"
4350,10238,35090,4,"","2015-10-19"
4351,458,70275,1,"","2015-10-19"
4352,10201,35093,4,"","2015-10-19"
4353,10253,10006,4,"","2015-10-19"
4354,10256,10007,4,"","2015-10-19"
4355,10581,59012,2,"","2015-10-19"
4356,10309,70336,4,"","2015-10-19"
4357,10060,35103,4,"","2015-10-19"
4358,9892,35105,4,"","2015-10-19"
4359,9130,70363,1,"","2015-10-19"
4360,8726,35011,4,"","2015-10-19"
4361,1515,70364,4,"","2015-10-19"
4362,553,70366,4,"","2015-10-19"
4363,4136,70365,4,"","2015-10-19"
4364,9984,70352,2,"","2015-10-19"
4365,9999,70371,4,"","2015-10-19"
4366,10263,10001,4,"","2015-10-19"
4367,10410,70265,4,"","2015-10-19"
4368,9630,70283,1,"","2015-10-19"
4369,10162,70369,3,"","2015-10-19"
4370,8728,70370,4,"","2015-10-19"
4371,10321,24067,4,"","2015-10-19"
4372,9869,12003,4,"","2015-10-19"
4373,265,70372,4,"","2015-10-19"
4374,9927,35051,4,"","2015-10-19"
4375,260,70338,4,"","2015-10-19"
4376,191,70321,4,"","2015-10-19"
4377,9281,70373,1,"","2015-10-19"
4378,8491,70288,2,"","2015-10-19"
4379,10435,70008,1,"","2015-10-19"
4380,903,70300,4,"","2015-10-19"
4381,9703,70349,4,"","2015-10-19"
4382,9922,70376,1,"","2015-10-19"
4383,10426,70339,1,"","2015-10-19"
4384,216,70377,1,"","2015-10-19"
4385,9042,48005,1,"","2015-10-19"
4386,10380,35062,4,"","2015-10-19"
4387,428,70378,1,"","2015-10-19"
4388,422,70293,4,"","2015-10-19"
4389,9848,70123,2,"","2015-10-19"
4390,9656,70294,4,"","2015-10-19"
4391,9820,48006,4,"","2015-10-19"
4392,9717,48012,4,"","2015-10-19"
4393,614,70381,1,"","2015-10-19"
4394,10248,70374,4,"","2015-10-19"
4395,9400,48019,1,"","2015-10-19"
4396,6,70340,1,"","2015-10-19"
4156,9255,10004,4,"","2013-06-04"
4397,9445,70041,1,"","2015-10-19"
4398,10099,70043,1,"","2015-10-19"
4399,10014,59034,4,"","2015-10-19"
4400,10214,70384,4,"","2015-10-19"
4401,9994,47003,2,"","2015-10-19"
4402,9788,47012,1,"","2015-10-19"
4330,152,70386,1,"2016-09-23","2015-10-19"
4403,9804,47014,1,"","2015-10-19"
4404,249,35057,4,"","2015-10-19"
4405,9300,70392,4,"","2015-10-19"
4407,9549,46005,2,"","2015-10-19"
4408,9539,46006,4,"","2015-10-19"
4409,10483,70388,2,"","2015-10-19"
4410,10150,46011,4,"","2015-10-19"
4411,2161,46013,4,"","2015-10-19"
4412,10146,46014,4,"","2015-10-19"
4413,10031,24003,4,"","2015-10-19"
4414,10040,24007,1,"","2015-10-19"
4127,8479,24008,2,"","2011-05-02"
4415,397,70089,4,"","2015-10-19"
4416,1757,24010,4,"","2015-10-19"
4417,9937,70393,4,"","2015-10-19"
4418,9942,70092,4,"","2015-10-19"
4419,8577,24013,1,"","2015-10-19"
4420,9683,24016,4,"","2015-10-19"
4421,9678,24017,4,"","2015-10-19"
4422,9664,24020,4,"","2015-10-19"
4423,248,24022,4,"","2015-10-19"
4424,9855,24023,4,"","2015-10-19"
4425,9589,24025,3,"","2015-10-19"
4426,6424,24028,3,"","2015-10-19"
4427,8871,35066,4,"","2015-10-19"
4428,9415,13007,4,"","2015-10-19"
4429,9382,70309,1,"","2015-10-19"
4430,9366,24033,4,"","2015-10-19"
4431,9347,24037,4,"","2015-10-19"
4432,9341,24038,1,"","2015-10-19"
4433,9337,24039,3,"","2015-10-19"
4434,10359,24040,4,"","2015-10-19"
4435,10296,35068,4,"","2015-10-19"
4436,9332,24042,1,"","2015-10-19"
4437,9460,24043,3,"","2015-10-19"
4438,9466,24044,4,"","2015-10-19"
4440,9487,24049,4,"","2015-10-19"
4441,9490,24050,4,"","2015-10-19"
4442,9497,24051,1,"","2015-10-19"
4443,9501,24052,4,"","2015-10-19"
4444,10345,24053,3,"","2015-10-19"
4445,4566,35035,4,"","2015-10-19"
4446,10340,24055,1,"","2015-10-19"
4447,9875,12002,4,"","2015-10-19"
4448,8347,24058,1,"","2015-10-19"
4449,10348,24059,3,"","2015-10-19"
4450,8333,70142,2,"","2015-10-19"
4451,799,24063,2,"","2015-10-19"
4406,58,70067,4,"","2015-10-19"
